"season","mean_shannon","sd_shannon","mean_number_of_species","sd_number_of_species","mean_evenness","sd_evenness","mean_margalef","sd_margalef","n"
"Dry",1.50001059311243,0.582474255190162,10,7.44503669759736,0.756201994837845,0.173850192705526,2.3369539187571,1.16959262908844,15
"Wet",2.18569756703874,0.620565608764183,23.2,14.929357463927,0.797771877698393,0.175122727972246,4.50417995456781,1.7793551247335,15
