"season","river_basin","mean_shannon","sd_shannon","mean_number_of_species","sd_number_of_species","mean_evenness","sd_evenness","mean_margalef","sd_margalef","n"
"Dry","Marau",1.3401563780279,0.496189800744642,9.4,8.20365772079747,0.766252916777161,0.230442659458931,2.18878364603552,1.01474802182562,5
"Dry","Serinhaem",1.36239929665289,0.702280241091898,9.25,8.53912563829967,0.676527686796778,0.166068567069245,2.06658615844943,1.5409740539969,4
"Dry","Sorojo",1.72496330332255,0.59637589989109,11,7.4565407529229,0.800942431915794,0.134220372587149,2.64067431956354,1.17923331132884,6
"Wet","Marau",2.13665964190505,0.489534339574005,26,20.0624026477389,0.764068999341857,0.209305242903831,4.75022805064725,1.87701838002771,5
"Wet","Serinhaem",2.29958293695702,0.859125588497063,21.75,12.0381338531629,0.826448072893718,0.247591430472576,4.7946474610842,1.84597307084896,4
"Wet","Sorojo",2.15063892470461,0.655328907826519,21.8333333333333,14.260668521029,0.806740146198623,0.110237011938121,4.10549487015735,1.9191634068829,6
