"","Df","SumOfSqs","F","Pr(>F)"
"Model",5,2.04553030548346,1.23374082305473,0.0832
"Residual",24,7.9583533938757,NA,NA
