"","Df","SumOfSqs","F","Pr(>F)"
"temperature",1,0.427171612407291,1.28822109177313,0.1657
"salinity",1,0.560951920312392,1.69166225991644,0.0385
"dissolved_o2",1,0.348702675859895,1.05158238223974,0.3824
"suspended_solids",1,0.282536938243018,0.852046419935387,0.6533
"sediment_particle_size",1,0.426167158660868,1.28519196140897,0.1703
"Residual",24,7.9583533938757,NA,NA
