"","Df","SumOfSqs","R2","F","Pr(>F)"
"Model",3,1.76463120398461,0.176394614033513,1.85617207909564,0.0012
"Residual",26,8.23925249537455,0.823605385966487,NA,NA
"Total",29,10.0038836993592,1,NA,NA
