"","Df","Sum Sq","Mean Sq","F","N.Perm","Pr(>F)"
"Groups",1,0.0279184800164279,0.0279184800164279,1.90271947113515,9999,0.1797
"Residuals",28,0.410842193144537,0.0146729354694478,NA,NA,NA
