"","Df","Sum Sq","Mean Sq","F","N.Perm","Pr(>F)"
"Groups",2,0.0152057595083106,0.00760287975415529,0.468313125298546,9999,0.6295
"Residuals",27,0.43833440122211,0.0162346074526707,NA,NA,NA
