"","Df","SumOfSqs","R2","F","Pr(>F)"
"Model",1,0.77538334580214,0.0775082327128423,2.3525744000315,0.0029
"Residual",28,9.22850035355702,0.922491767287158,NA,NA
"Total",29,10.0038836993592,1,NA,NA
