"","Df","SumOfSqs","R2","F","Pr(>F)"
"Model",2,0.989247858182475,0.098886381320671,1.48146262597338,0.037
"Residual",27,9.01463584117669,0.901113618679329,NA,NA
"Total",29,10.0038836993592,1,NA,NA
