"","Df","SumOfSqs","R2","F","Pr(>F)"
"Model",5,2.36476313472769,0.236384508836221,1.48588609783782,0.0058
"Residual",24,7.63912056463148,0.76361549116378,NA,NA
"Total",29,10.0038836993592,1,NA,NA
